用户名,发布时间,来源,评论内容,点赞数
麦芒MS,13分钟前,来自广东,,0
AnAnAnku,18分钟前,来自云南,,0
我不是购物狂66,18分钟前,来自广东,,0
努力-热爱生活,23分钟前,来自广东,🙏🙏🙏,0
Dr1229,27分钟前,来自广东,人生苦短,0
南初意禾,27分钟前,来自陕西,似蹙非蹙眉，我在她身上才看到。 从小最喜欢的古装美女，古典美人，巧笑倩兮，美目盼兮，一代佳人……天妒红颜，愿再无病痛，一路走好，何晴！,0
用户5875464027,30分钟前,来自内蒙古,たを愛Sd昭诺たkP谌低,0
用户7264245664,34分钟前,来自河南,一路走好,0
小空气人,37分钟前,来自湖北,回复@横勇无敌是成都:没西游记没什么印象美女太多了，双枪老太婆里面的她特别好看，只是没想起来是她,0
不解_梨,54分钟前,来自湖南,好意外，还很年轻啊。天堂没有病痛,0
故人心尚尔--,1小时前,来自贵州,什么？！,0
快乐姐姐爱你,1小时前,来自广西,怎么那么突然，好多年没见她演戏了啊！一路走好,0
丑小鸭月亮,1小时前,来自广东,好突然，一路走好！,0
海饼干hbg,1小时前,来自安徽,丢下了可怜的孩子,0
深情的嘟嘟猫actor,1小时前,来自天津,一路走好,0
戒情不戒Y,1小时前,来自浙江,,0
欣妍2905,1小时前,来自山东,一路走好,0
妮妮啊迪,1小时前,来自甘肃,“水是眼波横，山是眉峰聚”，一代佳人……惋惜,0
_大大大大大大爷,1小时前,来自广东,啊？,0
海妖黛菲,1小时前,来自北京,,0
凤儿九一,1小时前,来自德国,啊！ 还以为只是父母去世走好🕯️🕯️🕯️🙏🏼🙏🏼🙏🏼,0
梓萱星仪,1小时前,来自福建,转发微博,0
mj回家,1小时前,来自北京,一路走好,0
月咏几斗20,1小时前,来自广东,太突然了，一路走好,0
CathyWu1992,1小时前,来自安徽,一路走好，但麻烦不要盖了小洛熙的热度，我们普通人更关心普通人的生命,0
点赞赞真美女帅哥,1小时前,来自江苏,回复@由陆入海18:张晞,0
潇潇的简约厨房,1小时前,来自广东,仙女只是回天上了。李师师，小乔，都是教科书级别的古典美人演绎。2025年，我们这一代人记忆中的标志性人物走得有点多，不禁无限唏嘘。,0
平凡人生7893490371,1小时前,来自安徽,愿天堂没有病痛,0
明天就改昵称,1小时前,来自浙江,在我心里她的容貌是顶级的，顶级美女。,0
路飞在飞翔呀,1小时前,来自河北,水浒传里的李师师真的无敌,0
教父--真实人生,1小时前,来自天津,一路走好,0
茶白up,1小时前,来自上海,一路走好,0
宸世繁华,1小时前,来自河北,好突然啊，,0
咯吱咔嚓嘭嘭嘭,2小时前,来自河北,啥玩意？？？？？？,0
花花世界纷乱人森,2小时前,来自北京,我心中的仙女回天上去了,0
百病杂谈,2小时前,来自陕西,🙏🏻🙏🏻🙏🏻,0
王权花花missyou,2小时前,来自四川,一路走好,0
朱事好芸_收到合肥郁金香版,2小时前,来自广西,天啊😱和我妈同龄我看过她演戏客串的电视剧，世事无常一路走好，才六十一岁太年轻了,0
飞天菜菜猫,2小时前,来自河北,当年的小乔，李师师，电影版秦可卿，何晴真的是惊艳了岁月，现在只剩一声叹息，一路走好。,0
Light所幸仍有光,2小时前,来自广东,青青河边草里的华又琳，惊艳了我，一路走好,0
今天也要开心的汁汁,2小时前,来自河北,哎,0
呼啦啦_呼啦啦,2小时前,来自江苏,一路走好,0
selfredemption--,2小时前,来自江西,人生苦短,0
纳格希尼6,2小时前,来自江苏,作为女人，80后，从记事起，何晴、周海媚，就是刻在脑子里的美女，各有千秋，各有不同，都是我喜欢的那种。如今斯人已逝，只留美好懵懂！那个年代的美好记忆深刻埋于心底，两枚星星一生永存！,0
潇竹1983,2小时前,来自江苏,太可惜了,0
没事儿就来遛遛狗,2小时前,来自陕西,回复@yangshuqin7:那也没有，纯属你记错了,0
鹤原千春,2小时前,来自四川,天啊怎么会是何晴她真的好美啊,0
逸宸公子1327,2小时前,来自安徽,何晴老师一路走好！,0
小丑怪_cool,2小时前,来自江苏,一路走好,0
高速冲浪选手1030,2小时前,来自四川,,0
明姿妃,2小时前,来自四川,一路走好,0
泉中水映琉璃,2小时前,来自山西,,0
Cherie-雯雯李,2小时前,来自浙江,命中有数 一路走好,0
财经机会分析,2小时前,来自浙江,回复@畅迷fans:谢谢你,0
一夏蒹葭,2小时前,来自江西,她把最美的自己留在人世间,0
夏凌曦123,2小时前,来自广东,一路走好,0
我想问问自己呀,2小时前,来自湖北,最美的女演员,0
Any劉傅神隱,2小时前,来自广东,一路走好,0
OK小明同学,2小时前,来自广东,🕯️🕯️🕯️,0
WellGo北美电影发行,2小时前,来自上海,🙏🙏🙏,0
liverpings,2小时前,来自山东,一路走好，天堂没有伤病。,0
荷为1617,2小时前,来自河南,一路走好，愿天堂没有病痛🙏,0
羽落岚裳,2小时前,来自河南,心中的第一古典美女，一路走好,0
天才美少女罢了,2小时前,来自安徽,一路走好,0
tinytroy,2小时前,来自德国,诶可惜,0
青色布袍,2小时前,来自浙江,,0
今生只爱你699,2小时前,来自山东,回复@用户6480672282:是的，这是当时人的一个普遍现象吧，所以现在有些明星出生日期不能完全做准，包括我80后很多都是登记农历出生日期的,0
雁过留声YHY,2小时前,来自山东,回复@雁过留声YHY:一路走好,0
雁过留声YHY,2小时前,来自山东,太可惜啦,0
皮蛋宝宝75,2小时前,来自河南,何晴老师一路走好,0
桃夭之瞳,2小时前,来自重庆,走好，我小时候真的超喜欢她，真的特别漂亮又有气质。,0
大大大大大大大Ice,2小时前,来自江西,,0
吴小A有枚白小喵,2小时前,来自湖南,,0
sleepwell-3-,2小时前,来自广东,,0
温言恶语5_5,2小时前,来自上海,,0
_小铃铛铛铛铛铛,2小时前,来自辽宁,,0
黄宝侠三好,2小时前,来自广东,,0
紫剑邪昭,2小时前,来自福建,一路走好,0
AW冰淸玉潔h,2小时前,来自江苏,这么突然的人生无常一路走好,0
没有花-_,2小时前,来自上海,这是一个充满赝品时代，真正的美濒临灭绝，她的退场令人心痛，美的失去令人扼腕。,0
田块个别,2小时前,来自澳大利亚,红颜薄命,0
小草00794,2小时前,来自广东,,0
道道2010lovebird,2小时前,来自北京,好突然呀，发现时间过的好快呀,0
试问知乎,2小时前,来自广西,我的公主,0
飞的鸟001,2小时前,来自陕西,一路走好,1
我摘桃花换有钱,2小时前,来自浙江,不敢相信,0
rabbit少爷,2小时前,来自上海,深切哀悼,0
苏联格利托洛夫斯基,2小时前,来自河北,。,0
春夏秋冬的微博小窝,2小时前,来自美国,#女演员何晴去世# 印象最深的是小乔，这才是古装美人啊！,0
是徐不是许阿,2小时前,来自天津,@尚衫夏香Mu 秦可卿哎！,0
宁阡陌__,2小时前,来自黑龙江,,0
可爱的属鼠,2小时前,来自广东,转发微博,0
用户7582661883,2小时前,来自广东,,0
见识格局丁元英,2小时前,来自河南,韶华易逝，美人也被岁月催。岁月静好，愿何老师一路走好，也愿世间的各种美丽永远留存人心。,0
八喜丸丸子,2小时前,来自四川,,0
-飞絮濛-,2小时前,来自安徽,何晴老师,0
飞翔的板砖biubiubiu,2小时前,来自江苏,啊,0
最后一只小动物,2小时前,来自浙江,,0
用户6550750961,2小时前,来自江苏,一路走好,2
行行行都随你,2小时前,来自辽宁,我的天呀,0
这样的你2020,3小时前,来自浙江,不会吧，,0
难得有空追剧,3小时前,来自上海,,0
小矮-嚴潔昕,3小时前,来自重庆,,0
yylovelulu,3小时前,来自广西,青青河边草 华又琳,0
栀夏微凉2021,3小时前,来自河南,一路走好,0
微整形顾问翟墨医生,3小时前,来自江苏,一代美人,0
春天剥橘子指南,3小时前,来自湖南,,0
用户5808299783,3小时前,来自内蒙古,漂亮姐姐一路走好🙏,0
asunshine小萌新,3小时前,来自河北,看过她的剧的～只不过名字不太熟悉,0
Sukelly-2017,3小时前,来自陕西,,0
猪妞世一萌,3小时前,来自广东,天呐 一路走好,0
永怀桑梓邑,3小时前,来自北京,天妒红颜,0
奥利奥胖成猪了,3小时前,来自黑龙江,啊？,0
Lyn_2j,3小时前,来自福建,“我炙热明媚的爱，未曾泯灭，当花瓣吹落耳畔，轻声在说爱你”,0
小二傻狗子,3小时前,来自江苏,好突然呢,0
幽幽半沫茶香,3小时前,来自贵州,,0
撩人啊落,3小时前,来自上海,一路走好，何晴老师,0
追求卓越创造价值,3小时前,来自福建,一路走好,0
邸璞玉,3小时前,来自新疆,たを愛NZ那拍たKF突枪,0
一枝地苏木,3小时前,来自陕西,走好，感谢带来这么多好作品,0
用户7926725408,3小时前,来自上海,？？,0
W_Tyao咔咔的upup,3小时前,来自四川,我一直觉得她可美可美了。感觉还很年轻～,0
冯人夸,3小时前,来自湖南,,0
蜜桃拿铁Neige,3小时前,来自江苏,,0
郭自由呀,3小时前,来自广东,🙏🙏🙏,0
CECILLA寒,3小时前,来自新疆,,0
圆圆小丫,3小时前,来自广东,,0
冷赉昆,3小时前,来自江苏,震惊🙏🙏🙏,0
苍苍绿萝,3小时前,来自河北,怨我吗？我小时候看红楼梦，就觉得秦可卿最漂亮！！！可是……她怎么就去世了！？在我心里，她还是个少女呢,0
美加狮的小伙计,3小时前,来自江苏,,0
靜靜静煜煜,3小时前,来自上海,美人走了,0
山猫的小熊Vivian,3小时前,来自上海,,0
陈陈陈陈陈姑娘-,3小时前,来自江苏,她好美啊,0
jack杰克船长地盘,3小时前,来自上海,,0
杭城阿良,3小时前,来自北京,每个角色都深入人心，一路走好！#女演员何晴去世# #何晴追悼会15日举行#,0
浩峰2018,3小时前,来自海南,不许人间见白头,0
好花儿不怕败,3小时前,来自重庆,有一个角色好像叫红梅傲雪,0
渔村舵手,3小时前,来自浙江,小时候的女神，一路走好,0
北京老头1958,3小时前,来自北京,走好，天堂里没有痛苦,0
我们家曳曳,3小时前,来自北京,四大名著全占了，可惜走的有点早，一路走好,1
小宝贝家的皮皮-,3小时前,来自山东,@皮皮家的小宝贝-,0
看见猫就逮,3小时前,来自浙江,,0
旷达狮子爱拍照,3小时前,来自河南,好演员何晴！一路走好！古装剧第一美女！少林儒家弟子小晴！四大名著！聊斋志异等等！太突然了,0
yan小五巴巴,3小时前,来自山东,她的美才是中国古典美的代表,0
文澜阁旁的一只鱼儿,3小时前,来自黑龙江,李师师真的美的一塌糊涂的,0
老蛋包永远在一起的,3小时前,来自河北,节哀,0
你不要勉强自己,3小时前,来自英国,,0
淇毅书鸿,3小时前,来自北京,天啊，好突然,0
刘宇喆TiAmo,3小时前,来自陕西,,0
一缕魂飞,3小时前,来自黑龙江,,0
珠晓晓,3小时前,来自四川,,1
铲屎官补给站,3小时前,来自黑龙江,一路走好,0
幽居客2025,3小时前,来自江苏,看着熟悉的演员一个个谢世，无尽感慨,0
金花玉萼,3小时前,来自河南,沉痛悼念,0
嫏嬛书痴,3小时前,来自黑龙江,一路走好,1
但求-随心所欲,3小时前,来自福建,不是吧,0
冰熊毛壮壮,3小时前,来自江苏,真的太突然了，留下了好多最美的影像给这个世间，愿在天国再无病痛,0
88年的lwq,3小时前,来自吉林,咋可能 我一直以为她才40多 咋突然就没啊 多美的人啊,0
婉若素兮ly,3小时前,来自陕西,啊？这么突然,0
四更天28256,3小时前,来自河南,一路走好,0
和_小_暖,3小时前,来自辽宁,愿天堂有你而欢笑，一路走好！,0
藀藀cuckoo,3小时前,来自江西,一路走好,0
洛笙华裳,3小时前,来自辽宁,太突然了，一路走好,0
风居住的街道遥遥2,3小时前,来自浙江,老乡一路走好,0
少吃水果多吃菜,3小时前,来自北京,泪目了！一代古典美人，香消玉损,0
未央自然,3小时前,来自贵州,红颜薄命,0
后悔何及123456888,3小时前,来自广西,何晴老师一路走好，路过的送三朵鲜花吧,0
奔儿头呼扇呼扇大眼睛,3小时前,来自北京,淡妆浓抹总相宜，姐姐走好,0
为毛呆萌丝,3小时前,来自上海,天妒红颜😭,0
阿桢king,3小时前,来自浙江,何晴老师！一路走好！,0
用户5213154442,3小时前,来自广东,这么漂亮这么年轻，怎么离世了,0
芬兰懒羊羊,3小时前,来自上海,🕯️,0
小Baby啊Baby,3小时前,来自广东,一路走好，好多老明星都去世了,0
Euphoria199207,3小时前,来自河南,包惜弱。。。。一路走好,0
安舒00,3小时前,来自江苏,天呐，还很年轻,0
星西安,3小时前,来自陕西,😭十多年前在北京🈶幸和何晴老师一起合作拍摄影片🎥非常好的一位演员👍🏻德艺双馨❤️天妒英才🌸好年轻🌹太可惜了💔愿何晴老师一路走好🙏🏻,0
怀旧的知足常乐_678,3小时前,来自浙江,,0
我心如莲17223,3小时前,来自江苏,还这么年轻,0
流星-花粉,3小时前,来自上海,上错花轿嫁对郎，好像是她演好，觉得好美,0
一个学生的父亲,3小时前,来自山东,红颜薄命吗？唉，一路走好,1
佳多宝呀小呆,3小时前,来自山西,一路走好。小时候，每次在屏幕上看到您，我都觉得仙女也许就是您这个样子。希望天堂没有病痛,0
东北小妖爱跑步,3小时前,来自黑龙江,最是人间留不住，一代人的回忆，绝世美女，一路走好#女演员何晴去世#,0
曾已谙,3小时前,来自江苏,回复@紫云梦蓝月:还演了金庸和琼瑶,0
叨叨啥儿,3小时前,来自内蒙古,一路走好,0
小凯的蓝调音乐,3小时前,来自广西,一路走好,1
zoeeeeey_,3小时前,来自浙江,回复@布鲁托的退休计划:哎,0
卩绝渡逢舟,3小时前,来自黑龙江,太突然了！,0
嘻嘻de笑,3小时前,来自巴西,回复@曹斌i:,1
小鹿爱睡懒觉,3小时前,来自山东,好可惜，这么一个美人就突然没了？,0
胖卷林赛尔,3小时前,来自上海,哎呀，太可惜了，真正的古典美女啊,0
用户7899902195,3小时前,来自安徽,逝者安息,0
什么哈欠,3小时前,来自湖北,回复@曹斌i:好像是电影版红楼梦,0
如果我不叫Zoe,3小时前,来自浙江,,0
_Shuck_,3小时前,来自上海,与嘟嘟伉俪情深的小乔，和燕青浪迹天涯的师师，都成了绝唱#女演员何晴去世#,0
豆沙禹,3小时前,来自宁夏,,0
好久不见_你好吗,3小时前,来自辽宁,天妒红颜！,0
打板城主,3小时前,来自山东,美人自古如名将，不见白头辞世间。一路走好,0
胡思的野子,3小时前,来自上海,好突然，一路走好,0
清若云水,3小时前,来自河南,不敢相信,0
星夜嘟天使,3小时前,来自重庆,一路好走，小时候印象中就觉得是个美女，最记得的角色是小乔,0
源葵烜,3小时前,来自重庆,啊，这么突然,0
小橘子是只小吃货,4小时前,来自江苏,神呐！！！太突然了！！！,0
云熙妖妖,4小时前,来自辽宁,社保能领几年,0
写手衣沉,4小时前,来自河北,因为啥呀 这么年轻,0
little破葵,4小时前,来自江西,这么年轻，唉，一路走好,0
翩翩苏内河,4小时前,来自四川,可惜了，走好,0
雨程的程1314,4小时前,来自江苏,好喜欢90年代《青青河边草》里的何晴，很有大家闺秀的气质人不是都能活到七老八十的，珍惜当下的每一天吧,0
只是小路,4小时前,来自浙江,好突然大美女一路走好,0
怪盗基德lj,4小时前,来自广东,好可惜，这么年轻，都还没到退休的年纪,0
用户7004016431,4小时前,来自安徽,一路走好,0
CharLieLee-20,4小时前,来自广东,前段时间还看了98版水浒传，她演的李师师是那么的漂亮！,0
末衎Kathrine,4小时前,来自江苏,一路走好,0
人参宝宝,4小时前,来自山西,太可惜了，一路走好,0
Rainie_oOO,4小时前,来自北京,最是人间留不住。。。,0
少紫King,4小时前,来自江苏,是不是演戏弄猪八戒的几个仙女之一的，很漂亮的,0
ZRYYF,4小时前,来自广西,何老师一路走好.,0
我可是会变身哒,4小时前,来自山东,🙏🙏🙏,0
IMERW,4小时前,来自贵州,愿安,0
宝宝的吐槽屋,4小时前,来自广西,他是不是演过观音,0
少年_BJYX,4小时前,来自浙江,,0
雪儿飘飘201706,4小时前,来自浙江,一路走好,0
成哥_2007_520,4小时前,来自江西,我正在看三国,0
表偷我的浩浩啊,4小时前,来自海南,惊艳了我的童年,0
带着微笑去欺负磨难,4小时前,来自陕西,,0
至人无忌,4小时前,来自四川,斯人已逝，美留人间，走好～,0
干了这杯奶茶呀,4小时前,来自浙江,一路走好🕯️🕯️🕯️,0
用户7593977548,4小时前,来自内蒙古,除四大名著绝美古装外，青青河边草里的角色也极美，最可爱的怜怜，一路走好，天堂没有病痛🕯️🕯️🕯️,0
爱奇异倒闭了吗,4小时前,来自广东,,0
总有一句话会让你变得更好,4小时前,来自河南,一路走好,0
fhhdhshsh,4小时前,来自上海,美人如斯,0
君看天下7799,4小时前,来自辽宁,真的喜欢她演的戏。女演员何晴去世# 自古红颜多薄命啊！一路走好！[鲜花]#正能量[超话]##头条博客[超话]##每日一善[超话],0
luckyflower88,4小时前,来自美国,天哪，这么年轻，rip,0
手机用户1873933952,4小时前,来自山东,🙏,0
高冷柠檬片爱收纳,4小时前,来自湖北,回复@o八戒先生o:50岁上央视依然很漂亮,0
JustXina,4小时前,来自湖北,一路走好,0
娱裕于,4小时前,来自河北,,0
喜欢看他爱笑的眼睛,4小时前,来自广东,走好,0
用户6295203281,4小时前,来自吉林,,0
请互关互粉谢谢,4小时前,来自河南,转发微博,0
筱沫涵薇,4小时前,来自浙江,真的假的，她演的保镖天之骄女那会我觉得她好好看。。后面都没怎么看到她了。。,0
夏夏君Daylily,4小时前,来自北京,我二姨也是差半个月就过62岁生日走的,0
金沙凝霞,4小时前,来自浙江,古装女神，一路走好,0
榴莲随你,4小时前,来自山东,,0
喜欢小时候的lemon,4小时前,来自福建,好可惜。太突然。这么美的一个女演员不给她长一点的寿命。,0
绫波玄珠1768,4小时前,来自山西,越来越多记忆中的人要远去了,0
濯濯清流,4小时前,来自浙江,完全不敢相信，一路走好,0
栗子aya,4小时前,来自北京,,0
明音·云卷云舒,4小时前,来自辽宁,什么？？？？？,0
净泊林,4小时前,来自浙江,缅怀🕯️,0
Lois_Folsoul,4小时前,来自浙江,又好突然啊,0
初雪桥未晴,4小时前,来自江苏,查了一下，何晴和许亚军一个有对象一个有婚姻，在一起的，其实不就是两个小三，放现在得被骂死,0
怀V空,4小时前,来自湖北,,0
养鸡饲养户,4小时前,来自上海,斯人已逝,0
初雪桥未晴,4小时前,来自江苏,查了一下，和晴和许亚军一个有对象一个有婚姻，在一起的，其实不就是两个小三，放现在得被骂死,0
沙洲冷雁,4小时前,来自辽宁,这一年，太多的意外太多的不舍。何晴，一代人美的代名词。《红楼梦》秦可卿，《水浒传》李师师都是难得的经典。一路走好，愿另一个世界没有病痛，快乐顺遂。,0
FJY_范,4小时前,来自福建,她真的好漂亮,0
请叫我Zhang童鞋,4小时前,来自湖南,一路走好,0
Le紫橙,4小时前,来自浙江,一路走好,0
小胖儿的姐姐粉,4小时前,来自广东,还那么年轻呢,0
土豆红烧不放糖,4小时前,来自上海,,0
Dara_CS,4小时前,来自内蒙古,回复@白先生的健身日记:🙏🙏🙏,0
Chen_兜兜的微博,4小时前,来自重庆,这么年轻！好可惜,0
Smile惟___,4小时前,来自重庆,一路走好,0
Eis是睡着的水,4小时前,来自德国,太美了，太可惜了,0
丫丫_194,4小时前,来自辽宁,一路走好,0
牛牛爸915,4小时前,来自北京,老四大名著真是会挑选演员啊！,0
一粒尘埃ZHOU,4小时前,来自广西,因为什么啊？这么年轻，如果没有生病是因为什么啊🙏🙏🙏🙏,0
赵亮,4小时前,来自河南,秦可卿#女演员何晴去世#,0
像五月一樣明亮爽朗,4小时前,来自四川,回复@用户5953743397:也是病逝呀，不过陈晓旭纯粹是被骗子给骗了,0
一粒尘埃ZHOU,4小时前,来自广西,怎么这么突然？因为什么突然离世啊？这么年轻？为什么啊？,0
俏八九,4小时前,来自广东,好突然啊,0
像五月一樣明亮爽朗,4小时前,来自四川,回复@Yao姚不可及yao:80岁病逝和60岁病逝不一样呀,0
悅不配,4小时前,来自四川,走好,0
明月非凡,4小时前,来自广东,,0
云海zy2019,4小时前,来自湖南,优秀的演员，一路走好,0
用户7870268918,4小时前,来自河北,一路走好，感谢您为光大观众带来的经典,0
鉴语心远,4小时前,来自湖南,,0
秦时明月心魂,4小时前,来自福建,明星都活不到63岁,0
兰影影兰,4小时前,来自四川,一路走好！,0
哒哒哒群,4小时前,来自云南,才61我也是1.13的刚好大我整两轮，走好,0
用户7801806950,4小时前,来自上海,！熟悉的明星越来越少了真的很喜欢她演的双枪老太婆,0
君成柳先生,4小时前,来自辽宁,真的美，真可惜，唉，一路走好！,0
原来是Lois,4小时前,来自湖北,一路走好,0
相似的开端,4小时前,来自广东,南无阿弥陀佛,0
寸草里,4小时前,来自广东,,0
宝蓝无限,4小时前,来自山西,她是我觉得最漂亮的内地女演员，可惜天妒红颜。。。,0
TIAN童學,4小时前,来自山东,,0
Encyclopedia百嗑全书,4小时前,来自上海,,0
顽固任性克蕊丝,4小时前,来自上海,那可是唯一一位演全四大美女的美人啊🕯️🕯️🕯️,1
怎么取昵称233,4小时前,来自河南,,0
骷髅领带,4小时前,来自上海,回复@曹斌i:东方美人，可惜了,0
一念澄空,4小时前,来自新疆,天妒红颜，一路走好吧,0
绛弥宁安,4小时前,来自广东,一路走好,0
简单的ycy,4小时前,来自四川,天忌红颜一路走好,0
沈池韵yu,4小时前,来自湖南,一路走好,0
天幕下的可人儿,4小时前,来自中国香港,,0
落雪的湖,4小时前,来自广东,她好美,0
笨笨的五娃,4小时前,来自北京,🙏🙏🙏,0
敦敦的颜粉,4小时前,来自浙江,,0
卡西球个馒头和钱有缘,4小时前,来自广东,,0
田琑,4小时前,来自贵州,太意外了！,0
从余而行,4小时前,来自海南,啊？！好惊讶,0
有一种踏实当你口中喊我名字哒,4小时前,来自广东,一路走好,0
马达-32,4小时前,来自北京,古典美人一路走好，又一个集体记忆没了，时光不会为任何人停留。,0
新识界,4小时前,来自广东,🙏🙏🙏,0
三娘身高150cm,4小时前,来自湖北,还这么年轻！,0
约德尔肉球,4小时前,来自上海,这么突然？她年纪还不大啊，为什么好端端的没了,0
对你爱不完tamia,4小时前,来自江西,不会吧 好喜欢她,0
稀里哗啦暨,4小时前,来自天津,,0
神烦22,4小时前,来自河北,,0
蜜桃栗子羹,4小时前,来自北京,,0
浅念了,4小时前,来自福建,回复@黑羽的念念不忘:可明明男的去世的平均年龄更低啊,0
永不退却的24号,4小时前,来自上海,特别有气质的女明星，温婉又典雅的古典美人。最美小乔，一路走好,0
创印,4小时前,来自山东,啊，秦可卿啊啊啊,0
88懒羊羊_28819,4小时前,来自天津,RIP今年去世的女星大S，朱媛媛，何晴，都是我喜欢的女明星,0
用户7952561976,4小时前,来自北京,,0
用户7133784966,4小时前,来自湖北,红颜薄命,0
宝池秘境,4小时前,来自江苏,请每位认识许晴女士的博友朋友为逝者 称念三声：“南无阿閦（chu）如来！南无阿閦（chu）如来！南无阿閦（chu）如来！”，愿许晴女士一路走好，去往更好的地方,0
香煎话唠豆腐,5小时前,来自浙江,看了好几遍还以为看错了，还这么年轻……,0
JaFFa_Z,5小时前,来自福建,前些天我还因为双枪老太婆去搜索了，小时候很喜欢，同时了解到她是唯一出演过四大名著的女演员没想到今天就得知了离开的消息…一路走好,0
白榆玉李未成行,5小时前,来自北京,她真的好美。一路走好,0
S琰U,5小时前,来自广东,,0
杨天庆2025,5小时前,来自广东,一路走好,0
我一直在想,5小时前,来自湖北,#女演员何晴去世# 震惊不已，一度以为是假消息。那么美的一个人，在1994版《三国演义》中“小乔”一角，留下了难以磨灭的印象。一路走好，愿天国没有病痛。,0
鲤鲤澧澧童心鲤,5小时前,来自江西,一路走好,0
snow途中,5小时前,来自重庆,真的太突然了，一路走好,0
小Mo__,5小时前,来自广东,她真的是清水出芙蓉的好看,0
有态度的小清新,5小时前,来自广西,何晴老师，永远的女神，一路走好！,0
明德尚法,5小时前,来自甘肃,一路走好,0
沐亦young,5小时前,来自江西,妈呀！好突然！,0
仪闻定情磕糖社,5小时前,来自湖北,🕯️,0
哦是我呀呀呀呀呀呀,5小时前,来自福建,🙏🙏🙏,0
蓝天一色2022,5小时前,来自广东,一路走好！,0
是甜妹甜妹甜妹,5小时前,来自江苏,走好，姐姐,0
雪吻椒盐,5小时前,来自广东,真不敢相信啊，一路走好,0
胖达在线吃瓜,5小时前,来自湖南,哎，漂亮阿姨走好,0
笑香雪02915,5小时前,来自辽宁,很漂亮，美的很有特点！做演员也很好！有作品留于世间！,0
YukiEri,5小时前,来自浙江,好突然呀……,0
王志乾2005,5小时前,来自陕西,,0
古越柯城,5小时前,来自浙江,真的很美的一个演员 好可惜啊,0
NicoloveDean,5小时前,来自四川,我简直不敢相信。是不是搞错了，我昨天还说她是唯一的四大名著演员，她还那么那么的年轻啊。,0
北海北-南山南,5小时前,来自北京,一路走好,0
风不知几起,5小时前,来自山东,一路走好,0
风不知几起,5小时前,来自山东,什么！！,0
甜豆子dan,5小时前,来自山东,没想到就是我喜欢的这个何晴。哭了，我也有甲状腺癌，突然感觉没有力气撑下去了,0
梦幻花伟LY,5小时前,来自广东,一个好演员,0
龇牙咧嘴的地瓜,5小时前,来自江苏,！,0
櫻花樹對櫻花雨,5小时前,来自福建,一路走好🙏😭,1
人间滋味在心中,5小时前,来自吉林,一路走好,0
王一博的林晓月1,5小时前,来自江苏,,0
浮云月华,5小时前,来自河北,这也突然了……太可惜了一路走好🙏,0
雄鹿总灌君,5小时前,来自山东,射雕英雄传的包惜弱？,0
阳光海岸香菜,5小时前,来自辽宁,,0
甜豆子dan,5小时前,来自山东,太突然了受不了，好难过，甲状腺癌的我感觉自己也会突然死掉,0
荔枝小鱼1019,5小时前,来自安徽,怎么这么突然,0
青鸟来兮,5小时前,来自江苏,,0
青鸟来兮,5小时前,来自江苏,,0
青鸟来兮,5小时前,来自江苏,,0
OnceiwasC,5小时前,来自上海,一路走好,0
卡本中和,5小时前,来自浙江,把最美的形象都留给了观众们，很可惜！,0
HHHHHHow_,5小时前,来自湖北,刚刚在看西游记 结果她去世的消息出来了,0
用户6194900554,5小时前,来自广东,大美女一路走好！,0
吐鲁番大葱,5小时前,来自山东,何晴老师一路走好,0
蒙迪小丁,5小时前,来自新加坡,一路走好,0
徐朗宗鑫,5小时前,来自安徽,一路走好,0
王小王1337104689,5小时前,来自河南,关注下宁波婴儿事件吧,0
王小王1337104689,5小时前,来自河南,关注下宁波婴儿事件吧关注下宁波婴儿事件吧,0
青本佳人_LXQ,5小时前,来自天津,一代美人，香消玉殒,0
王小王1337104689,5小时前,来自河南,关注下宁波婴儿事件吧,0
天方夜_俊,5小时前,来自四川,美人自古如名将，不许人间有白头。唉，一路走好,0
所有的梦想都可以实现,5小时前,来自河北,这两年走的熟悉的人，怎么越来越多了……,0
FloraSun_爱困,5小时前,来自上海,大美女，太可惜了,0
SolarSoloer,5小时前,来自浙江,阿弥陀佛,0
戒之用休,5小时前,来自江西,一路走好,0
徐啸吟0212,5小时前,来自黑龙江,一直很喜欢何晴，谁敢相信就这么走了。,0
来自N次元的Majic,5小时前,来自浙江,一路走好,0
用户4qfd6wptcp,5小时前,来自北京,一路走好,0
本美女只会哈哈哈,5小时前,来自吉林,,0
恺怡201907,5小时前,来自浙江,天妒红颜，一路走好,0
ShyshySeogHoeWu,5小时前,来自四川,,0
行走海岛的9528,5小时前,来自海南,最近看了她和张丰毅演的家园，里面是位越剧名伶，也是年龄轻轻就离世了,0
J花生仁,5小时前,来自河南,呀,0
隔世_呢喃,5小时前,来自四川,太突然了吧…一路走好,0
时光清浅lql,5小时前,来自辽宁,太可惜了！一路走好！,0
时影冰鉴,5小时前,来自江苏,🙏🙏🙏,0
纤塵沫鋙,5小时前,来自江苏,何老师，一路走好,0
猫你的沙子,5小时前,来自浙江,回复 @风一样的男子84713:搞错了，是许晴,0
GreenYan,5小时前,来自重庆,印象最深的是她出演西游记的怜怜，真的可爱又漂亮，太可惜了,0
咖啡不加糖Fly,5小时前,来自山东,,0
朕灬舞龘帝榊,5小时前,来自广东,回复@法解:唯一一个四大名著走出来的美女,1
玄小布布布,5小时前,来自湖北,我心中最美的女演员，一路走好,0
用户6914811686,5小时前,来自内蒙古,,0
云出如佛,5小时前,来自浙江,堪称中国第一古典美女,1
妃上九天,5小时前,来自山西,天妒红颜，何晴的每一个角色都很漂亮动人心,0
好大一个炉子,5小时前,来自广东,🕯️🕯️🕯️,0
职u禾禾,5小时前,来自四川,虽然离开得很年轻，但是留下太多的美，走得时候仍然很美。不必贪婪的她已经足够。,0
laner_jing,5小时前,来自天津,,0
Letsgoodon7,5小时前,来自江苏,前两天才看了影版红楼，秦可卿真的很美,0
夏雪畅,5小时前,来自福建,绝代佳人，芳魂永存,0
山庄1680,5小时前,来自辽宁,仙女走了,0
昨夜微雨雪,5小时前,来自山东,风华绝代的何晴，天妒红颜啊,0
假扮的天使vivi_SV,5小时前,来自四川,一路走好,0
碎碎念Di,5小时前,来自山东,好突然啊,0
禾清_,5小时前,来自山东,老师一路走好,0
One4Eva,5小时前,来自山西,我心里的她还很年轻，时间太快了,0
Lc-思儿,5小时前,来自河南,她真的特别漂亮！！！,0
随缘不变520520,5小时前,来自江苏,走好,0
few0909yy,5小时前,来自江苏,,0
山是眉聚,5小时前,来自湖北,一生美好，一路走好,0
昵个儿郎-菲特杨,5小时前,来自湖北,一路走好,0
八月_下雨了喔,5小时前,来自广东,只能这么说，以前古时代的人寿命人均30，现在活到80 算长寿 长长长了。,0
抹茶绵绵绵绵冰冰,5小时前,来自内蒙古,啊？,0
Monica_QSY,5小时前,来自上海,红颜薄命，泪暗弹江水,0
用户6051908147,5小时前,来自山东,一路走好,0
钓鱼岛带头大哥,5小时前,来自江苏,一路走好,0
应图Eternity,5小时前,来自山东,,0
深情不及久跘,5小时前,来自河南,一路走好……,0
我是喵星人在喵星球,5小时前,来自陕西,,0
小黄aa11,5小时前,来自广东,天啊好突然,0
_科大彭于晏,5小时前,来自安徽,李师师印象深刻,0
乐乐王啊,5小时前,来自广东,,0
铭霏若妖,5小时前,来自浙江,是我能看懂影视剧以来，从屏幕上看到的第一位我认为长在我审美点上的美女,0
-七只蛋永远在一起,5小时前,来自广东,一路走好,0
用户7255399859,5小时前,来自广东,一路走好,0
沧海一小栗12,5小时前,来自吉林,竟然是真的当年超喜欢何晴姐姐，那双眼睛太迷人了,0
玖静妃,5小时前,来自广东,好突然，留下了很多经典角色的演员，走好！,0
白银铠甲,5小时前,来自重庆,从此世间再也没有这款美人。一路走好,0
天赐幸福生活,5小时前,来自浙江,,0
梦yi阑珊,5小时前,来自山西,,0
重起777777777,5小时前,来自江苏,一直觉得很漂亮，年纪大了也依旧美丽，少有的纯天然美了一辈子，哎，真的可惜,0
鑫鑫念念的肖肖,5小时前,来自广东,一路走好,0
雨落有音自由如风,5小时前,来自山东,这么年轻怎么去世了,0
思明区小镇做题家,5小时前,来自福建,oh no！,0
野战狙击手A-47,6小时前,来自北京,童年的记忆在逐渐消失，珍惜当下！,0
老公去站街被我偷吃偶遇的那一夜,6小时前,来自河南,走好 何晴老师,0
YUKI-铭洙,6小时前,来自辽宁,太突然了！愿你天堂安逸,0
saynicht,6小时前,来自浙江,#女演员何晴去世# 何晴是我觉得最美的国风美人 留下了好多经典。因为IP和z爷爷还多少多认识一点 她真的是很温柔的人 rip,0
祖国必统,6小时前,来自广西,回复@二月清宁8213:田馥甄因为帮老美骂大陆，盼蝈问题歌给音乐平台下架过。她新专辑将发来这边吸血卖好多钱了。我们可以去打电话各音乐平台不要上架盼蝈者的歌。坚决维护国家利益。,3
熙熙Rosie,6小时前,来自江西,,0
小孩儿爱拍照,6小时前,来自山东,,0
少帮主9527,6小时前,来自湖南,天妒红颜，一路走好。,0
火之国木叶忍村,6小时前,来自浙江,#演员何晴去世#,0
小赖爱吃桃,6小时前,来自湖南,与名著一同被铭记。,0
一个-大圆脸,6小时前,来自北京,,0
用户7576701714,6小时前,来自广西,,0
世界第一甜-,6小时前,来自湖北,回复@槐南_一梦:是的，以前参加别人葬礼是无感的，直到上个月奶奶走了被推进火化炉的那一刻，才知道要珍惜当下！当下尽孝了就没有那么多遗憾,0
斦殷,6小时前,来自吉林,一路走好，一直都觉得她是好温柔的人,0
种花家人们真是太善良了,6小时前,来自四川,回复@美离间阂众国:真会写，四部名著四个角色,1
是小快乐y,6小时前,来自广东,,0
用户7987669248,6小时前,来自山东,近几年各种奇奇怪怪的癌症真多，不分年龄，同事走了，朋友走了，家人也没放过，真的很可怕，防不胜防！,0
考古刘宇宁,6小时前,来自加拿大,这么年轻,0
JRWHALE凹凸慢,6小时前,来自英国,回复@徳彪东:表达能力差的一批,0
3号楼-,6小时前,来自山东,她的古装好美……,0
AMANI5,6小时前,来自广东,阿弥陀佛,0
天天不看书的孤独患者,6小时前,来自广东,天哪，太突然了，这么好看也不算年纪很大，就没了,0
欣雨lo,6小时前,来自美国,太可惜了，唉天妒红颜啊,0
书玮1413,6小时前,来自广东,,0
熊猫小一二,6小时前,来自浙江,我现在知道了，人，终有一死…,0
Mualu,6小时前,来自河北,🕯️🕯️🕯️,0
徊憶FoAm,6小时前,来自陕西,一路走好,0
用户7608997213,6小时前,来自泰国,太突然了！可惜了,0
甜心格格高,6小时前,来自江苏,感觉很年轻啊，才61岁，怎么那么不长寿啊#女演员何晴去世#,0
35678902a,6小时前,来自广东,r.i.p,0
花园里有阳光,6小时前,来自湖北,一路走好！认识她，是她演的《双枪老太婆》觉得她好美！,0
娱乐belike,6小时前,来自上海,燕清那句姐姐至今仍在耳边徘徊，故人已去此情然矣。多多珍重，,0
魅力仙子,6小时前,来自北京,,0
moda墨,6小时前,来自辽宁,,0
丁禹兮要嘻嘻未被小丁翻牌版,6小时前,来自河南,一路走好,0
恋花脑yu,6小时前,来自西班牙,今年走的人好多……,0
勤奋龙眼投资房产,6小时前,来自上海,,0
aminamin1113,6小时前,来自北京,回复@卡布奇诺冰兰山:无语,0
老兵阿羊,6小时前,来自安徽,,0
豪爽彩虹爱收藏,6小时前,来自上海,可惜了,0
卡布奇诺9494,6小时前,来自江西,#女演员何晴去世# #何晴追悼会15日举行#,0
日本没有人类,6小时前,来自辽宁,她真的好漂亮好美丽可惜,0
落言千主,6小时前,来自四川,李师师一路走好,0
